{"initial_reset_timestamp": 1571027862.6024806, "timestamps": [1571027865.3030052, 1571027868.070605, 1571027869.23758, 1571027869.2963965, 1571027870.586426, 1571027872.0809512, 1571027873.00923, 1571027874.1848826, 1571027876.1358018, 1571027877.484012, 1571027878.7569692, 1571027879.8370192, 1571027880.9438488, 1571027882.2311306, 1571027883.2399137, 1571027883.284459, 1571027884.2687156, 1571027884.3294492, 1571027885.3589883, 1571027886.304138, 1571027887.5181804, 1571027888.7794602, 1571027889.939581, 1571027889.9903898, 1571027891.0887253, 1571027892.0277731, 1571027892.104584, 1571027908.851827, 1571027909.967956, 1571027910.0438554, 1571027911.1339812, 1571027912.4806955, 1571027913.8822057, 1571027915.3392158, 1571027915.393741, 1571027915.4538417, 1571027916.4737089, 1571027917.5749686, 1571027917.615446, 1571027918.8051753, 1571027919.9755094, 1571027921.3650696, 1571027922.4091477, 1571027923.3875406, 1571027924.38587, 1571027925.4874408, 1571027926.6441433, 1571027926.7128356, 1571027927.977729, 1571027928.999382, 1571027930.1503756, 1571027931.1891205, 1571027931.2575798, 1571027932.4777462, 1571027933.638453, 1571027934.691606, 1571027935.8291602, 1571027937.0152674, 1571027938.555522, 1571027938.6323957, 1571027939.893784, 1571027940.8305397, 1571027942.1250045, 1571027943.4350092, 1571027960.1517463, 1571027960.2702522, 1571027961.3618648, 1571027962.476825, 1571027963.7817647, 1571027965.2262714, 1571027966.437795, 1571027966.507803, 1571027967.7873826, 1571027967.8397212, 1571027968.8354151, 1571027970.1701238, 1571027970.2399678, 1571027971.5886333, 1571027972.7537916, 1571027972.8280644, 1571027972.9065638, 1571027974.037485, 1571027975.0546951, 1571027976.2380538, 1571027977.3382483, 1571027977.4206295, 1571027978.554458, 1571027979.618886, 1571027980.6901689, 1571027980.7654536, 1571027982.183431, 1571027983.4102952, 1571027984.6752346, 1571027984.7264817, 1571027985.735438, 1571027985.7986913, 1571027985.8584683, 1571027987.1957169, 1571027988.5458863, 1571027989.7612495], "episode_lengths": [156, 158, 1000, 118, 1000, 1000, 1000, 1000, 114, 1000, 1000, 1000, 1000, 1000, 1000, 88, 1000, 122, 1000, 1000, 1000, 1000, 1000, 99, 1000, 1000, 148, 1000, 1000, 148, 1000, 1000, 1000, 1000, 106, 122, 1000, 1000, 83, 1000, 1000, 1000, 1000, 1000, 1000, 1000, 1000, 131, 1000, 1000, 1000, 1000, 132, 1000, 1000, 1000, 1000, 1000, 1000, 148, 1000, 1000, 1000, 1000, 1000, 96, 1000, 1000, 1000, 1000, 1000, 139, 1000, 99, 1000, 1000, 133, 1000, 1000, 144, 153, 1000, 1000, 1000, 1000, 166, 1000, 1000, 1000, 148, 1000, 1000, 1000, 100, 1000, 122, 123, 1000, 1000, 1000], "episode_rewards": [42.19120695721904, 62.73736756773579, 153.58992939738243, -14.039941217021635, 132.9637637404859, 140.13966365592353, 129.66555006320394, 113.17420339899357, 48.98918738193353, 131.93858092333676, 118.90806439278737, 113.264934016104, 102.15209493778013, 102.63904698178503, 129.07568318641825, 19.745753909055423, 121.19249842278285, 45.94209000005068, 158.99462940834283, 136.5144430653139, 94.27937364727495, 109.76201427610178, 101.81194821544705, 25.861199079289364, 183.13478564278114, 173.2491100354615, 24.342474716481135, 121.63194995232392, 144.97293987487456, 51.80249364282352, 94.55811268058116, 124.9104002998774, 123.30868951698102, 105.81594716944552, 36.32617309877617, -2.7052466385336373, 137.45609595550258, 152.14757395672854, 33.35617799563977, 113.58300296048951, 130.97184037992787, 128.39523729987917, 161.9344296008463, 94.07560038626885, 141.12231175608326, 123.41313942711905, -16.328375992444215, 47.90653360049379, 146.74434078487147, 123.19852506614748, 107.61153879637213, 139.18550603848027, 47.452113790738224, 126.65738144505825, 95.1697268027912, 190.77584219506284, 153.69651217853806, 141.31859574562725, 147.6878849421276, 49.028130974848324, 88.74665654942078, 142.9050620748753, 134.17802229377244, 136.87590443323538, 127.2243417426608, 35.86523885514481, 151.6315771227842, 130.52631644599572, 147.9207285800343, 154.7481822426239, 158.78395365410157, 50.17987650883023, 156.9718353506732, 27.01243493461675, 174.85832749391562, 124.39222069942629, 49.21281271405701, 91.36761900948454, 114.79343128131325, 61.56132357843177, 21.615206933903266, 122.12183499845094, 130.62589696598707, 55.50296701687509, 145.89100057558386, 53.69065118187038, 128.82588054812268, 101.37222629704993, 113.56781400479623, 42.45366986426663, 164.29203697115744, 145.96430292533285, 150.57544322765534, 10.833326542786025, 156.49629923000967, 20.577870150921697, -16.49823840965358, 99.62325758265823, 139.4596315761048, 124.79001564950892], "episode_types": ["t", "t", "t", "t", "t", "t", "t", "t", "t", "t", "t", "t", "t", "t", "t", "t", "t", "t", "t", "t", "t", "t", "t", "t", "t", "t", "t", "t", "t", "t", "t", "t", "t", "t", "t", "t", "t", "t", "t", "t", "t", "t", "t", "t", "t", "t", "t", "t", "t", "t", "t", "t", "t", "t", "t", "t", "t", "t", "t", "t", "t", "t", "t", "t", "t", "t", "t", "t", "t", "t", "t", "t", "t", "t", "t", "t", "t", "t", "t", "t", "t", "t", "t", "t", "t", "t", "t", "t", "t", "t", "t", "t", "t", "t", "t", "t", "t", "t", "t", "t"]}